RTO,OBV Fair Value,OBV good value,OBV verygood value,OBV Excellent Value,Health Score,URL
MH 14,"₹4,90,476 - ₹5,20,815
 Price range for this vehicle in Fair condition","₹5,03,052 - ₹5,34,169
 Price range for this vehicle in Good condition","₹5,15,629 - ₹5,47,523
 Price range for this vehicle in Very Good condition","₹5,28,205 - ₹5,60,877
 Price range for this vehicle in Excellent condition","3.2



Health Score",https://droom.in/product/maruti-suzuki-swift-dzire-vdi-2017-611cc0aba17e3111068b458a
MH 12,"₹4,65,079 - ₹4,93,847
 Price range for this vehicle in Fair condition","₹4,77,004 - ₹5,06,510
 Price range for this vehicle in Good condition","₹4,88,929 - ₹5,19,172
 Price range for this vehicle in Very Good condition","₹5,00,855 - ₹5,31,835
 Price range for this vehicle in Excellent condition","3.8



Health Score",https://droom.in/product/honda-city-sv-i-dtec-2014-611cc0957298b4f6048b4599
MH 14,"₹3,56,622 - ₹3,78,681
 Price range for this vehicle in Fair condition","₹3,65,767 - ₹3,88,391
 Price range for this vehicle in Good condition","₹3,74,910 - ₹3,98,100
 Price range for this vehicle in Very Good condition","₹3,84,055 - ₹4,07,811
 Price range for this vehicle in Excellent condition","3.8



Health Score",https://droom.in/product/volkswagen-vento-16l-highline-2012-6110ef8e4a36aa27068b45a6
MH 13,"₹2,70,842 - ₹2,87,596
 Price range for this vehicle in Fair condition","₹2,77,787 - ₹2,94,970
 Price range for this vehicle in Good condition","₹2,84,732 - ₹3,02,344
 Price range for this vehicle in Very Good condition","₹2,91,677 - ₹3,09,719
 Price range for this vehicle in Excellent condition","3.8



Health Score",https://droom.in/product/maruti-suzuki-celerio-zxi-2014-5f9977cdbe662abf15ebd410
MH 14,"₹2,12,533 - ₹2,25,679
 Price range for this vehicle in Fair condition","₹2,17,982 - ₹2,31,465
 Price range for this vehicle in Good condition","₹2,23,432 - ₹2,37,252
 Price range for this vehicle in Very Good condition","₹2,28,881 - ₹2,43,039
 Price range for this vehicle in Excellent condition","5.6



Health Score",https://droom.in/product/fiat-punto-emotion-13-2011-6118dabbd998faea048b45e7
MH 12,"₹2,05,600 - ₹2,18,317
 Price range for this vehicle in Fair condition","₹2,10,871 - ₹2,23,915
 Price range for this vehicle in Good condition","₹2,16,143 - ₹2,29,513
 Price range for this vehicle in Very Good condition","₹2,21,415 - ₹2,35,110
 Price range for this vehicle in Excellent condition","4



Health Score",https://droom.in/product/maruti-suzuki-swift-vxi-12-bs-iv-2007-60dc465e76b098b82f8b4584
MH 12,"₹1,54,576 - ₹1,64,138
 Price range for this vehicle in Fair condition","₹1,58,539 - ₹1,68,346
 Price range for this vehicle in Good condition","₹1,62,503 - ₹1,72,555
 Price range for this vehicle in Very Good condition","₹1,66,467 - ₹1,76,764
 Price range for this vehicle in Excellent condition","4



Health Score",https://droom.in/product/hyundai-santro-gls-i-euro-ii-2006-60daf163f72d9219058b4683
MH 02,"₹4,00,886 - ₹4,25,683
 Price range for this vehicle in Fair condition","₹4,11,165 - ₹4,36,598
 Price range for this vehicle in Good condition","₹4,21,444 - ₹4,47,513
 Price range for this vehicle in Very Good condition","₹4,31,724 - ₹4,58,428
 Price range for this vehicle in Excellent condition","4



Health Score",https://droom.in/product/honda-city-v-2012-6114f6ac46883a5f578b47c1
MH 04,"₹4,28,153 - ₹4,54,637
 Price range for this vehicle in Fair condition","₹4,39,132 - ₹4,66,295
 Price range for this vehicle in Good condition","₹4,50,110 - ₹4,77,952
 Price range for this vehicle in Very Good condition","₹4,61,088 - ₹4,89,609
 Price range for this vehicle in Excellent condition","4



Health Score",https://droom.in/product/hyundai-verna-fluidic-16-vtvt-sx-2014-6114fe7146883a5e578b47bf
MH 46,"₹6,48,962 - ₹6,89,103
 Price range for this vehicle in Fair condition","₹6,65,601 - ₹7,06,773
 Price range for this vehicle in Good condition","₹6,82,241 - ₹7,24,442
 Price range for this vehicle in Very Good condition","₹6,98,881 - ₹7,42,111
 Price range for this vehicle in Excellent condition","3.8



Health Score",https://droom.in/product/honda-mobilio-rs-i-dtec-opt-2015-6114fdfcc7ff20a9078b45f9
MH 03,"₹2,00,083 - ₹2,12,459
 Price range for this vehicle in Fair condition","₹2,05,212 - ₹2,17,906
 Price range for this vehicle in Good condition","₹2,10,343 - ₹2,23,354
 Price range for this vehicle in Very Good condition","₹2,15,473 - ₹2,28,802
 Price range for this vehicle in Excellent condition","4



Health Score",https://droom.in/product/maruti-suzuki-alto-800-vxi-2015-6114fde917a2bdfa058b4688
MH 12,"₹3,39,832 - ₹3,60,852
 Price range for this vehicle in Fair condition","₹3,57,509 - ₹3,79,623
 Price range for this vehicle in Good condition","₹3,75,186 - ₹3,98,393
 Price range for this vehicle in Very Good condition","₹3,92,823 - ₹4,17,121
 Price range for this vehicle in Excellent condition","4.4



Health Score",https://droom.in/product/hyundai-xcent-prime-t-plus-crdi-2018-61139f6ecb2e7c15068b464e215
MH 15,"₹2,52,696 - ₹2,68,327
 Price range for this vehicle in Fair condition","₹2,59,175 - ₹2,75,206
 Price range for this vehicle in Good condition","₹2,65,654 - ₹2,82,086
 Price range for this vehicle in Very Good condition","₹2,72,134 - ₹2,88,967
 Price range for this vehicle in Excellent condition","4



Health Score",https://droom.in/product/honda-jazz-s-i-vtec-2010-6113d41dd5ceb625068b4747
MH 14,"₹3,46,039 - ₹3,67,443
 Price range for this vehicle in Fair condition","₹3,54,911 - ₹3,76,864
 Price range for this vehicle in Good condition","₹3,63,784 - ₹3,86,286
 Price range for this vehicle in Very Good condition","₹3,72,656 - ₹3,95,707
 Price range for this vehicle in Excellent condition","3.8



Health Score",https://droom.in/product/toyota-etios-cross-15-v-2014-6114f662eaf2e7bd068b4655
MH 12,"₹5,81,525 - ₹6,17,495
 Price range for this vehicle in Fair condition","₹5,96,436 - ₹6,33,329
 Price range for this vehicle in Good condition","₹6,11,347 - ₹6,49,162
 Price range for this vehicle in Very Good condition","₹6,26,257 - ₹6,64,995
 Price range for this vehicle in Excellent condition","4



Health Score",https://droom.in/product/maruti-suzuki-swift-vxi-2019-603e0fa489865d9e068b4567
MH 12,"₹3,76,731 - ₹4,00,035
 Price range for this vehicle in Fair condition","₹3,86,391 - ₹4,10,292
 Price range for this vehicle in Good condition","₹3,96,051 - ₹4,20,549
 Price range for this vehicle in Very Good condition","₹4,05,711 - ₹4,30,806
 Price range for this vehicle in Excellent condition","3.8



Health Score",https://droom.in/product/tata-zest-revotron-12-xt-2016-60dd6a379a606309068b45b3
MH 14,"₹3,03,039 - ₹3,21,783
 Price range for this vehicle in Fair condition","₹3,10,808 - ₹3,30,034
 Price range for this vehicle in Good condition","₹3,18,579 - ₹3,38,285
 Price range for this vehicle in Very Good condition","₹3,26,350 - ₹3,46,536
 Price range for this vehicle in Excellent condition","4.4



Health Score",https://droom.in/product/maruti-suzuki-swift-dzire-tour-diesel-2016-611365b046883ab7088b471e468
MH 47,"₹4,94,206 - ₹5,24,775
 Price range for this vehicle in Fair condition","₹5,06,878 - ₹5,38,231
 Price range for this vehicle in Good condition","₹5,19,550 - ₹5,51,687
 Price range for this vehicle in Very Good condition","₹5,32,222 - ₹5,65,143
 Price range for this vehicle in Excellent condition","4



Health Score",https://droom.in/product/volkswagen-polo-comfortline-12l-p-2018-61150af9b86097ff058b46fa
MH 12,"₹2,15,705 - ₹2,29,047
 Price range for this vehicle in Fair condition","₹2,21,236 - ₹2,34,921
 Price range for this vehicle in Good condition","₹2,26,766 - ₹2,40,793
 Price range for this vehicle in Very Good condition","₹2,32,297 - ₹2,46,666
 Price range for this vehicle in Excellent condition","4



Health Score",https://droom.in/product/ford-figo-duratorq-titanium-14-2010-6113c860f72d921b068b4712
PB 08,"₹5,80,863 - ₹6,16,793
 Price range for this vehicle in Fair condition","₹5,95,757 - ₹6,32,608
 Price range for this vehicle in Good condition","₹6,10,650 - ₹6,48,423
 Price range for this vehicle in Very Good condition","₹6,25,544 - ₹6,64,238
 Price range for this vehicle in Excellent condition","3.8



Health Score",https://droom.in/product/hyundai-verna-fluidic-16-crdi-s-o-2015-5f8d88a560865d1d088b4582
MH 20,"₹3,89,829 - ₹4,13,942
 Price range for this vehicle in Fair condition","₹3,99,825 - ₹4,24,557
 Price range for this vehicle in Good condition","₹4,09,821 - ₹4,35,171
 Price range for this vehicle in Very Good condition","₹4,19,817 - ₹4,45,785
 Price range for this vehicle in Excellent condition","4



Health Score",https://droom.in/product/hyundai-grand-i10-sports-edition-12l-kappa-vtvt-2016-5f3f95ec3c81adf107fa3053
MH 14,"₹3,81,226 - ₹4,04,807
 Price range for this vehicle in Fair condition","₹3,91,000 - ₹4,15,186
 Price range for this vehicle in Good condition","₹4,00,776 - ₹4,25,566
 Price range for this vehicle in Very Good condition","₹4,10,551 - ₹4,35,946
 Price range for this vehicle in Excellent condition","3.6



Health Score",https://droom.in/product/maruti-suzuki-celerio-zxi-amt-o-2017-6115138e28fcaa16188b4668
MH 14,"₹2,82,121 - ₹2,99,571
 Price range for this vehicle in Fair condition","₹2,89,355 - ₹3,07,253
 Price range for this vehicle in Good condition","₹2,96,588 - ₹3,14,934
 Price range for this vehicle in Very Good condition","₹3,03,822 - ₹3,22,615
 Price range for this vehicle in Excellent condition","3.6



Health Score",https://droom.in/product/tata-tiago-revotron-xt-2017-611cc91739e972f5048b45ae
MH 14,"₹3,07,885 - ₹3,26,929
 Price range for this vehicle in Fair condition","₹3,15,780 - ₹3,35,313
 Price range for this vehicle in Good condition","₹3,23,674 - ₹3,43,695
 Price range for this vehicle in Very Good condition","₹3,31,568 - ₹3,52,078
 Price range for this vehicle in Excellent condition","3.6



Health Score",https://droom.in/product/skoda-laura-lk-20-tdi-mt-2008-611cc8e159c0de02058b45b7
MH 02,"₹28,504 - ₹30,267
 Price range for this vehicle in Fair condition","₹29,235 - ₹31,044
 Price range for this vehicle in Good condition","₹29,966 - ₹31,820
 Price range for this vehicle in Very Good condition","₹30,696 - ₹32,595
 Price range for this vehicle in Excellent condition","4



Health Score",https://droom.in/product/maruti-suzuki-wagon-r-vxi-2005-611cd3c159c0de43068b45aa
MH 02,"₹1,99,305 - ₹2,11,633
 Price range for this vehicle in Fair condition","₹2,04,415 - ₹2,17,059
 Price range for this vehicle in Good condition","₹2,09,525 - ₹2,22,486
 Price range for this vehicle in Very Good condition","₹2,14,636 - ₹2,27,912
 Price range for this vehicle in Excellent condition","4.4



Health Score",https://droom.in/product/maruti-suzuki-wagon-r-green-lxi-cng-2017-6123d89a841dc8ed048b470d851
MH 12,"₹2,31,286 - ₹2,45,592
 Price range for this vehicle in Fair condition","₹2,37,217 - ₹2,51,890
 Price range for this vehicle in Good condition","₹2,43,147 - ₹2,58,187
 Price range for this vehicle in Very Good condition","₹2,49,077 - ₹2,64,484
 Price range for this vehicle in Excellent condition","6.4



Health Score",https://droom.in/product/maruti-suzuki-wagon-r-10-lxi-cng-2017-5cb196647d6d4bd107380477673
MH 12,"₹3,14,718 - ₹3,34,185
 Price range for this vehicle in Fair condition","₹3,22,787 - ₹3,42,753
 Price range for this vehicle in Good condition","₹3,30,857 - ₹3,51,322
 Price range for this vehicle in Very Good condition","₹3,38,926 - ₹3,59,891
 Price range for this vehicle in Excellent condition","3.8



Health Score",https://droom.in/product/maruti-suzuki-swift-ldi-2012-6127700746883a756a8b47e2
MH 01,"₹2,53,230 - ₹2,68,893
 Price range for this vehicle in Fair condition","₹2,59,722 - ₹2,75,788
 Price range for this vehicle in Good condition","₹2,66,216 - ₹2,82,682
 Price range for this vehicle in Very Good condition","₹2,72,709 - ₹2,89,577
 Price range for this vehicle in Excellent condition","4



Health Score",https://droom.in/product/maruti-suzuki-swift-vdi-2009-612770d18d25b9fa058b458e
MH 12,"₹4,86,591 - ₹5,16,690
 Price range for this vehicle in Fair condition","₹4,99,069 - ₹5,29,939
 Price range for this vehicle in Good condition","₹5,11,545 - ₹5,43,187
 Price range for this vehicle in Very Good condition","₹5,24,021 - ₹5,56,435
 Price range for this vehicle in Excellent condition","3.8



Health Score",https://droom.in/product/hyundai-verna-fluidic-16-vtvt-sx-opt-2014-604b462f696e4b760cad4a8d
MH 14,"₹5,99,085 - ₹6,36,142
 Price range for this vehicle in Fair condition","₹6,14,446 - ₹6,52,453
 Price range for this vehicle in Good condition","₹6,29,807 - ₹6,68,764
 Price range for this vehicle in Very Good condition","₹6,45,168 - ₹6,85,076
 Price range for this vehicle in Excellent condition","3.2



Health Score",https://droom.in/product/volkswagen-vento-15-tdi-highline-at-2015-6139ca9bc3c5e60a068b4630
MH 14,"₹5,59,289 - ₹5,93,885
 Price range for this vehicle in Fair condition","₹5,73,630 - ₹6,09,112
 Price range for this vehicle in Good condition","₹5,87,971 - ₹6,24,340
 Price range for this vehicle in Very Good condition","₹6,02,312 - ₹6,39,568
 Price range for this vehicle in Excellent condition","3.8



Health Score",https://droom.in/product/tata-nexon-revotron-xm-2018-612ccf4246883af90e8b4893
MH 12,"₹5,75,821 - ₹6,11,439
 Price range for this vehicle in Fair condition","₹5,90,585 - ₹6,27,117
 Price range for this vehicle in Good condition","₹6,05,351 - ₹6,42,795
 Price range for this vehicle in Very Good condition","₹6,20,115 - ₹6,58,473
 Price range for this vehicle in Excellent condition","3.8



Health Score",https://droom.in/product/honda-city-vx-i-vtec-2015-612621ad04d107ef048b4587
MH 12,"₹1,49,968 - ₹1,59,244
 Price range for this vehicle in Fair condition","₹1,53,813 - ₹1,63,327
 Price range for this vehicle in Good condition","₹1,57,659 - ₹1,67,411
 Price range for this vehicle in Very Good condition","₹1,61,504 - ₹1,71,494
 Price range for this vehicle in Excellent condition","6



Health Score",https://droom.in/product/tata-indica-ev2-lx-2012-61247d240a63652b068b4587
MH 06,"₹2,57,478 - ₹2,73,405
 Price range for this vehicle in Fair condition","₹2,64,080 - ₹2,80,415
 Price range for this vehicle in Good condition","₹2,70,682 - ₹2,87,426
 Price range for this vehicle in Very Good condition","₹2,77,284 - ₹2,94,436
 Price range for this vehicle in Excellent condition","3.6



Health Score",https://droom.in/product/mahindra-xylo-e8-bs-iii-2009-6129b8a46907cc08068b45a7
MH 12,"₹3,98,981 - ₹4,23,660
 Price range for this vehicle in Fair condition","₹4,09,211 - ₹4,34,523
 Price range for this vehicle in Good condition","₹4,19,442 - ₹4,45,387
 Price range for this vehicle in Very Good condition","₹4,29,672 - ₹4,56,250
 Price range for this vehicle in Excellent condition","3.8



Health Score",https://droom.in/product/fiat-avventura-dynamic-multijet-13-2015-6129bc4df37f2214068b4599
MH 20,"₹4,19,987 - ₹4,45,967
 Price range for this vehicle in Fair condition","₹4,30,757 - ₹4,57,402
 Price range for this vehicle in Good condition","₹4,41,526 - ₹4,68,837
 Price range for this vehicle in Very Good condition","₹4,52,294 - ₹4,80,271
 Price range for this vehicle in Excellent condition","4



Health Score",https://droom.in/product/chevrolet-cruze-ltz-2011-6127775465595ce6158b4608
MH 14,"₹1,59,927 - ₹1,69,819
 Price range for this vehicle in Fair condition","₹1,64,027 - ₹1,74,173
 Price range for this vehicle in Good condition","₹1,68,128 - ₹1,78,528
 Price range for this vehicle in Very Good condition","₹1,72,229 - ₹1,82,883
 Price range for this vehicle in Excellent condition","4



Health Score",https://droom.in/product/hyundai-eon-d-lite-plus-2012-61277460cea40fea0b8b466d
MH 02,"₹2,30,819 - ₹2,45,097
 Price range for this vehicle in Fair condition","₹2,36,738 - ₹2,51,382
 Price range for this vehicle in Good condition","₹2,42,656 - ₹2,57,666
 Price range for this vehicle in Very Good condition","₹2,48,575 - ₹2,63,951
 Price range for this vehicle in Excellent condition","5.2



Health Score",https://droom.in/product/volkswagen-polo-12-mpi-highline-2013-61242a0e55ab80431d8b4597
MH 12,"₹76,102 - ₹80,809
 Price range for this vehicle in Fair condition","₹78,053 - ₹82,881
 Price range for this vehicle in Good condition","₹80,005 - ₹84,953
 Price range for this vehicle in Very Good condition","₹81,956 - ₹87,025
 Price range for this vehicle in Excellent condition","6



Health Score",https://droom.in/product/chevrolet-spark-lt-10-2009-60e832d1461405110c8b471c325
MH 43,"₹5,93,840 - ₹6,30,572
 Price range for this vehicle in Fair condition","₹6,09,067 - ₹6,46,741
 Price range for this vehicle in Good condition","₹6,24,293 - ₹6,62,910
 Price range for this vehicle in Very Good condition","₹6,39,520 - ₹6,79,078
 Price range for this vehicle in Excellent condition","3.8



Health Score",https://droom.in/product/volkswagen-jetta-20l-tdi-comfortline-2011-5f33d7cd64865ddb088b45a4
MH 12,"₹43,277 - ₹45,954
 Price range for this vehicle in Fair condition","₹44,387 - ₹47,132
 Price range for this vehicle in Good condition","₹45,496 - ₹48,311
 Price range for this vehicle in Very Good condition","₹46,606 - ₹49,489
 Price range for this vehicle in Excellent condition","6



Health Score",https://droom.in/product/honda-accord-24-at-2005-600d186fbe662aee5f7e4279
MH 14,"₹3,77,715 - ₹4,01,079
 Price range for this vehicle in Fair condition","₹3,87,400 - ₹4,11,363
 Price range for this vehicle in Good condition","₹3,97,085 - ₹4,21,647
 Price range for this vehicle in Very Good condition","₹4,06,770 - ₹4,31,931
 Price range for this vehicle in Excellent condition","3.8



Health Score",https://droom.in/product/hyundai-grand-i10-sportz-12-kappa-vtvt-2016-6131a7269c3b49eb048b45a3
MH 14,"₹4,85,798 - ₹5,15,848
 Price range for this vehicle in Fair condition","₹4,98,255 - ₹5,29,075
 Price range for this vehicle in Good condition","₹5,10,712 - ₹5,42,302
 Price range for this vehicle in Very Good condition","₹5,23,168 - ₹5,55,529
 Price range for this vehicle in Excellent condition","4



Health Score",https://droom.in/product/skoda-rapid-16-mpi-elegance-at-2016-6131a609f8dd51f1048b45a1
MH 12,"₹3,47,831 - ₹3,69,347
 Price range for this vehicle in Fair condition","₹3,56,750 - ₹3,78,817
 Price range for this vehicle in Good condition","₹3,65,668 - ₹3,88,287
 Price range for this vehicle in Very Good condition","₹3,74,588 - ₹3,97,758
 Price range for this vehicle in Excellent condition","4



Health Score",https://droom.in/product/maruti-suzuki-celerio-zxi-amt-2016-6131a455f8dd5115068b459e
MH 12,"₹2,13,192 - ₹2,26,378
 Price range for this vehicle in Fair condition","₹2,18,658 - ₹2,32,183
 Price range for this vehicle in Good condition","₹2,24,125 - ₹2,37,988
 Price range for this vehicle in Very Good condition","₹2,29,591 - ₹2,43,793
 Price range for this vehicle in Excellent condition","3.8



Health Score",https://droom.in/product/maruti-suzuki-wagon-r-vxi-2014-6131a8699c3b49ee048b4592
MH 03,"₹2,78,730 - ₹2,95,970
 Price range for this vehicle in Fair condition","₹2,85,876 - ₹3,03,559
 Price range for this vehicle in Good condition","₹2,93,023 - ₹3,11,148
 Price range for this vehicle in Very Good condition","₹3,00,170 - ₹3,18,737
 Price range for this vehicle in Excellent condition","4



Health Score",https://droom.in/product/hyundai-xcent-s-12-opt-2014-6129b4b76907cc09068b45a4
MH 43,"₹1,31,058 - ₹1,39,164
 Price range for this vehicle in Fair condition","₹1,34,418 - ₹1,42,733
 Price range for this vehicle in Good condition","₹1,37,779 - ₹1,46,301
 Price range for this vehicle in Very Good condition","₹1,41,139 - ₹1,49,870
 Price range for this vehicle in Excellent condition","4



Health Score",https://droom.in/product/hyundai-accent-gls-2008-6129b38ef37f220a0c8b4579
MH 12,"₹1,59,953 - ₹1,69,847
 Price range for this vehicle in Fair condition","₹1,64,054 - ₹1,74,202
 Price range for this vehicle in Good condition","₹1,68,155 - ₹1,78,557
 Price range for this vehicle in Very Good condition","₹1,72,257 - ₹1,82,912
 Price range for this vehicle in Excellent condition","6



Health Score",https://droom.in/product/maruti-suzuki-alto-lxi-2012-612918de46883a673f8b4707
MH 14,"₹2,40,029 - ₹2,54,876
 Price range for this vehicle in Fair condition","₹2,46,184 - ₹2,61,412
 Price range for this vehicle in Good condition","₹2,52,338 - ₹2,67,947
 Price range for this vehicle in Very Good condition","₹2,58,493 - ₹2,74,482
 Price range for this vehicle in Excellent condition","4



Health Score",https://droom.in/product/ford-figo-duratorq-diesel-lxi-14-2012-5f5a0225448a5d00185c3ad5
GJ 01,"₹4,14,455 - ₹4,40,092
 Price range for this vehicle in Fair condition","₹4,25,082 - ₹4,51,376
 Price range for this vehicle in Good condition","₹4,35,709 - ₹4,62,660
 Price range for this vehicle in Very Good condition","₹4,46,337 - ₹4,73,945
 Price range for this vehicle in Excellent condition","3.6



Health Score",https://droom.in/product/maruti-suzuki-swift-dzire-vxi-2016-5fbf45eaccf3ac8a07986727
MH 02,"₹2,84,472 - ₹3,02,068
 Price range for this vehicle in Fair condition","₹2,91,766 - ₹3,09,813
 Price range for this vehicle in Good condition","₹2,99,060 - ₹3,17,558
 Price range for this vehicle in Very Good condition","₹3,06,354 - ₹3,25,304
 Price range for this vehicle in Excellent condition","4



Health Score",https://droom.in/product/volkswagen-polo-highline-12l-p-2014-6131e473a17e310d068b46fe
MH 12,"₹3,95,931 - ₹4,20,422
 Price range for this vehicle in Fair condition","₹4,06,084 - ₹4,31,202
 Price range for this vehicle in Good condition","₹4,16,236 - ₹4,41,982
 Price range for this vehicle in Very Good condition","₹4,26,388 - ₹4,52,763
 Price range for this vehicle in Excellent condition","3.8



Health Score",https://droom.in/product/toyota-innova-20-g4-2008-612a0b7ff3ed4418068b4577
MH 12,"₹1,10,950 - ₹1,17,813
 Price range for this vehicle in Fair condition","₹1,13,795 - ₹1,20,834
 Price range for this vehicle in Good condition","₹1,16,640 - ₹1,23,855
 Price range for this vehicle in Very Good condition","₹1,19,485 - ₹1,26,875
 Price range for this vehicle in Excellent condition","4



Health Score",https://droom.in/product/maruti-suzuki-zen-estilo-lxi-2007-612658c409b75309058b4576
MH 14,"₹1,50,254 - ₹1,59,547
 Price range for this vehicle in Fair condition","₹1,54,106 - ₹1,63,638
 Price range for this vehicle in Good condition","₹1,57,959 - ₹1,67,729
 Price range for this vehicle in Very Good condition","₹1,61,811 - ₹1,71,820
 Price range for this vehicle in Excellent condition","4



Health Score",https://droom.in/product/hyundai-santro-xing-xg-at-erlx-euro-ii-2007-612656eac1019aff058b4694
MH 16,"₹4,72,866 - ₹5,02,116
 Price range for this vehicle in Fair condition","₹4,84,991 - ₹5,14,990
 Price range for this vehicle in Good condition","₹4,97,116 - ₹5,27,865
 Price range for this vehicle in Very Good condition","₹5,09,241 - ₹5,40,740
 Price range for this vehicle in Excellent condition","4



Health Score",https://droom.in/product/mahindra-thar-crde-4x4-bs-iv-2013-6129f2143d9334284c8b45d6
MH 12,"₹2,02,137 - ₹2,14,640
 Price range for this vehicle in Fair condition","₹2,07,320 - ₹2,20,144
 Price range for this vehicle in Good condition","₹2,12,503 - ₹2,25,647
 Price range for this vehicle in Very Good condition","₹2,17,686 - ₹2,31,151
 Price range for this vehicle in Excellent condition","4



Health Score",https://droom.in/product/hyundai-accent-gle-cng-2011-6129f405d5ceb6a77d8b45c4
MH 12,"₹8,30,329 - ₹8,81,689
 Price range for this vehicle in Fair condition","₹8,51,619 - ₹9,04,296
 Price range for this vehicle in Good condition","₹8,72,910 - ₹9,26,904
 Price range for this vehicle in Very Good condition","₹8,94,200 - ₹9,49,512
 Price range for this vehicle in Excellent condition","3.2



Health Score",https://droom.in/product/toyota-innova-25-g-8-str-bs-iv-2016-612cd3cb5b30280c068b45d9
MH 14,"₹5,14,392 - ₹5,46,210
 Price range for this vehicle in Fair condition","₹5,27,581 - ₹5,60,215
 Price range for this vehicle in Good condition","₹5,40,771 - ₹5,74,220
 Price range for this vehicle in Very Good condition","₹5,53,960 - ₹5,88,226
 Price range for this vehicle in Excellent condition","3.6



Health Score",https://droom.in/product/volkswagen-polo-highline-15l-d-2016-612cb4a0359e43ba578b45b6
MH 15,"₹5,51,286 - ₹5,85,386
 Price range for this vehicle in Fair condition","₹5,65,421 - ₹6,00,396
 Price range for this vehicle in Good condition","₹5,79,557 - ₹6,15,406
 Price range for this vehicle in Very Good condition","₹5,93,693 - ₹6,30,416
 Price range for this vehicle in Excellent condition","4



Health Score",https://droom.in/product/skoda-superb-elegance-18-tsi-at-2010-612cb12cf5c47c95218b458b
MH 12,"₹2,01,253 - ₹2,13,701
 Price range for this vehicle in Fair condition","₹2,06,413 - ₹2,19,181
 Price range for this vehicle in Good condition","₹2,11,574 - ₹2,24,661
 Price range for this vehicle in Very Good condition","₹2,16,733 - ₹2,30,140
 Price range for this vehicle in Excellent condition","3.8



Health Score",https://droom.in/product/hyundai-santro-xing-gl-cng-2013-612cae3adc1b44f4048b478f
MH 12,"₹5,72,078 - ₹6,07,464
 Price range for this vehicle in Fair condition","₹5,86,746 - ₹6,23,040
 Price range for this vehicle in Good condition","₹6,01,415 - ₹6,38,616
 Price range for this vehicle in Very Good condition","₹6,16,084 - ₹6,54,192
 Price range for this vehicle in Excellent condition","3.8



Health Score",https://droom.in/product/maruti-suzuki-ertiga-zdi-shvs-2015-6131eefd9c3b49e5288b4720
MH 14,"₹2,49,436 - ₹2,64,865
 Price range for this vehicle in Fair condition","₹2,55,832 - ₹2,71,657
 Price range for this vehicle in Good condition","₹2,62,227 - ₹2,78,448
 Price range for this vehicle in Very Good condition","₹2,68,623 - ₹2,85,239
 Price range for this vehicle in Excellent condition","3.8



Health Score",https://droom.in/product/maruti-suzuki-swift-vxi-2010-6131eaa65a6842ec048b45aa
MH 14,"₹1,32,346 - ₹1,40,533
 Price range for this vehicle in Fair condition","₹1,35,740 - ₹1,44,137
 Price range for this vehicle in Good condition","₹1,39,134 - ₹1,47,740
 Price range for this vehicle in Very Good condition","₹1,42,528 - ₹1,51,344
 Price range for this vehicle in Excellent condition","4



Health Score",https://droom.in/product/hyundai-getz-glx-2007-6131e8be9c3b49ec048b46a1
MH 12,"₹2,35,516 - ₹2,50,084
 Price range for this vehicle in Fair condition","₹2,41,555 - ₹2,56,496
 Price range for this vehicle in Good condition","₹2,47,594 - ₹2,62,909
 Price range for this vehicle in Very Good condition","₹2,53,633 - ₹2,69,321
 Price range for this vehicle in Excellent condition","4



Health Score",https://droom.in/product/honda-city-zx-gxi-2007-612a0376d5ceb6be408b4590
MH 12,"₹1,87,949 - ₹1,99,575
 Price range for this vehicle in Fair condition","₹1,92,767 - ₹2,04,691
 Price range for this vehicle in Good condition","₹1,97,587 - ₹2,09,809
 Price range for this vehicle in Very Good condition","₹2,02,406 - ₹2,14,926
 Price range for this vehicle in Excellent condition","4



Health Score",https://droom.in/product/maruti-suzuki-ritz-vxi-2012-612a12aef3ed4415068b45b7
MH 14,"₹4,08,984 - ₹4,34,282
 Price range for this vehicle in Fair condition","₹4,19,471 - ₹4,45,418
 Price range for this vehicle in Good condition","₹4,29,957 - ₹4,56,553
 Price range for this vehicle in Very Good condition","₹4,40,444 - ₹4,67,689
 Price range for this vehicle in Excellent condition","4



Health Score",https://droom.in/product/hyundai-verna-fluidic-16-sx-vtvt-2013-612ca79446883a16098b4830
MH 02,"₹4,57,270 - ₹4,85,555
 Price range for this vehicle in Fair condition","₹4,68,995 - ₹4,98,005
 Price range for this vehicle in Good condition","₹4,80,720 - ₹5,10,456
 Price range for this vehicle in Very Good condition","₹4,92,445 - ₹5,22,906
 Price range for this vehicle in Excellent condition","3.8



Health Score",https://droom.in/product/maruti-suzuki-swift-dzire-zdi-2013-612cba035160516b198b45ea
MH 12,"₹31,031 - ₹32,950
 Price range for this vehicle in Fair condition","₹31,826 - ₹33,795
 Price range for this vehicle in Good condition","₹32,622 - ₹34,640
 Price range for this vehicle in Very Good condition","₹33,418 - ₹35,485
 Price range for this vehicle in Excellent condition","4



Health Score",https://droom.in/product/fiat-palio-12-el-ps-2003-613a0b02b2dbeffc058b461e
MH 12,"₹4,83,000 - ₹5,12,877
 Price range for this vehicle in Fair condition","₹4,95,385 - ₹5,26,027
 Price range for this vehicle in Good condition","₹5,07,769 - ₹5,39,177
 Price range for this vehicle in Very Good condition","₹5,20,154 - ₹5,52,329
 Price range for this vehicle in Excellent condition","3.2



Health Score",https://droom.in/product/tata-tiago-revotron-xz-2020-6126289046883ac77c8b4a26
MH 14,"₹3,42,243 - ₹3,63,413
 Price range for this vehicle in Fair condition","₹3,51,019 - ₹3,72,731
 Price range for this vehicle in Good condition","₹3,59,794 - ₹3,82,049
 Price range for this vehicle in Very Good condition","₹3,68,569 - ₹3,91,367
 Price range for this vehicle in Excellent condition","3.2



Health Score",https://droom.in/product/toyota-innova-25-g-diesel-8-seater-bs-iv-2014-6126286a59554220068b45cb
MH 14,"₹1,97,552 - ₹2,09,772
 Price range for this vehicle in Fair condition","₹2,02,618 - ₹2,15,151
 Price range for this vehicle in Good condition","₹2,07,683 - ₹2,20,529
 Price range for this vehicle in Very Good condition","₹2,12,749 - ₹2,25,908
 Price range for this vehicle in Excellent condition","4



Health Score",https://droom.in/product/maruti-suzuki-alto-800-lxi-2015-6126277859554218068b45ad
MH 12,"₹2,35,015 - ₹2,49,552
 Price range for this vehicle in Fair condition","₹2,41,041 - ₹2,55,950
 Price range for this vehicle in Good condition","₹2,47,067 - ₹2,62,349
 Price range for this vehicle in Very Good condition","₹2,53,093 - ₹2,68,748
 Price range for this vehicle in Excellent condition","4



Health Score",https://droom.in/product/honda-city-zx-gxi-2007-612a0c40f3ed449b068b4579
MH 12,"₹4,67,259 - ₹4,96,161
 Price range for this vehicle in Fair condition","₹4,79,240 - ₹5,08,884
 Price range for this vehicle in Good condition","₹4,91,221 - ₹5,21,606
 Price range for this vehicle in Very Good condition","₹5,03,202 - ₹5,34,328
 Price range for this vehicle in Excellent condition","3.6



Health Score",https://droom.in/product/toyota-innova-25-v-7-str-2010-612a0e9c9619e2a04d8b45af
MH 12,"₹5,11,824 - ₹5,43,483
 Price range for this vehicle in Fair condition","₹5,24,948 - ₹5,57,419
 Price range for this vehicle in Good condition","₹5,38,071 - ₹5,71,354
 Price range for this vehicle in Very Good condition","₹5,51,195 - ₹5,85,289
 Price range for this vehicle in Excellent condition","3.6



Health Score",https://droom.in/product/maruti-suzuki-ciaz-vdi-shvs-2015-612a0fb5f3ed4411068b45aa
JH 01,"₹3,80,903 - ₹4,04,464
 Price range for this vehicle in Fair condition","₹3,90,670 - ₹4,14,835
 Price range for this vehicle in Good condition","₹4,00,437 - ₹4,25,206
 Price range for this vehicle in Very Good condition","₹4,10,203 - ₹4,35,577
 Price range for this vehicle in Excellent condition","3.8



Health Score",https://droom.in/product/maruti-suzuki-swift-dzire-vxi-2015-5fa51ed8a4865d96068b45c3
MH 01,"₹4,25,171 - ₹4,51,470
 Price range for this vehicle in Fair condition","₹4,36,072 - ₹4,63,046
 Price range for this vehicle in Good condition","₹4,46,974 - ₹4,74,622
 Price range for this vehicle in Very Good condition","₹4,57,876 - ₹4,86,198
 Price range for this vehicle in Excellent condition","3.8



Health Score",https://droom.in/product/volkswagen-polo-12-mpi-highline-2015-602b954e68865dc0180e61f4
MH 12,"₹3,69,505 - ₹3,92,361
 Price range for this vehicle in Fair condition","₹3,78,980 - ₹4,02,422
 Price range for this vehicle in Good condition","₹3,88,454 - ₹4,12,483
 Price range for this vehicle in Very Good condition","₹3,97,929 - ₹4,22,543
 Price range for this vehicle in Excellent condition","3.8



Health Score",https://droom.in/product/hyundai-i20-sportz-12-o-2015-60aca5f516de8595288b460b
MH 12,"₹3,42,740 - ₹3,63,940
 Price range for this vehicle in Fair condition","₹3,51,528 - ₹3,73,272
 Price range for this vehicle in Good condition","₹3,60,317 - ₹3,82,604
 Price range for this vehicle in Very Good condition","₹3,69,105 - ₹3,91,936
 Price range for this vehicle in Excellent condition","4



Health Score",https://droom.in/product/honda-city-e-i-vtec-2013-6131a13ef8dd514c0c8b4597
MH 08,"₹5,19,936 - ₹5,52,097
 Price range for this vehicle in Fair condition","₹5,33,267 - ₹5,66,253
 Price range for this vehicle in Good condition","₹5,46,599 - ₹5,80,409
 Price range for this vehicle in Very Good condition","₹5,59,931 - ₹5,94,566
 Price range for this vehicle in Excellent condition","3.2



Health Score",https://droom.in/product/maruti-suzuki-ertiga-vdi-2016-6131a09746883ad01c8b46ed
MH 12,"₹7,66,645 - ₹8,14,066
 Price range for this vehicle in Fair condition","₹7,86,302 - ₹8,34,939
 Price range for this vehicle in Good condition","₹8,05,960 - ₹8,55,813
 Price range for this vehicle in Very Good condition","₹8,25,618 - ₹8,76,687
 Price range for this vehicle in Excellent condition","3.2



Health Score",https://droom.in/product/maruti-suzuki-baleno-delta-12-cvt-bs6-2020-61319ffd9c3b49f7058b458c
MH 12,"₹2,30,950 - ₹2,45,236
 Price range for this vehicle in Fair condition","₹2,36,872 - ₹2,51,524
 Price range for this vehicle in Good condition","₹2,42,794 - ₹2,57,812
 Price range for this vehicle in Very Good condition","₹2,48,716 - ₹2,64,100
 Price range for this vehicle in Excellent condition","4



Health Score",https://droom.in/product/maruti-suzuki-wagon-r-vxi-2014-61319edda17e31dc098b45a3
MH 14,"₹5,23,686 - ₹5,56,080
 Price range for this vehicle in Fair condition","₹5,37,115 - ₹5,70,339
 Price range for this vehicle in Good condition","₹5,50,543 - ₹5,84,597
 Price range for this vehicle in Very Good condition","₹5,63,971 - ₹5,98,855
 Price range for this vehicle in Excellent condition","3.6



Health Score",https://droom.in/product/renault-duster-110-ps-rxl-2014-6130c75f45e9defd058b46f0
MH 12,"₹2,74,437 - ₹2,91,412
 Price range for this vehicle in Fair condition","₹2,81,473 - ₹2,98,884
 Price range for this vehicle in Good condition","₹2,88,510 - ₹3,06,356
 Price range for this vehicle in Very Good condition","₹2,95,547 - ₹3,13,828
 Price range for this vehicle in Excellent condition","4



Health Score",https://droom.in/product/honda-civic-18-s-mt-2006-6130c36b45e9de60338b4765
MH 14,"₹34,595 - ₹36,734
 Price range for this vehicle in Fair condition","₹35,482 - ₹37,677
 Price range for this vehicle in Good condition","₹36,369 - ₹38,618
 Price range for this vehicle in Very Good condition","₹37,256 - ₹39,560
 Price range for this vehicle in Excellent condition","4



Health Score",https://droom.in/product/honda-city-15-gxi-2004-6130cacf45e9de5b098b4737
MH 14,"₹7,16,006 - ₹7,60,295
 Price range for this vehicle in Fair condition","₹7,34,365 - ₹7,79,790
 Price range for this vehicle in Good condition","₹7,52,724 - ₹7,99,285
 Price range for this vehicle in Very Good condition","₹7,71,083 - ₹8,18,779
 Price range for this vehicle in Excellent condition","3.6



Health Score",https://droom.in/product/maruti-suzuki-vitara-brezza-zdi-2018-6131f1f5a17e31bc148b46ca
MH 14,"₹1,21,019 - ₹1,28,505
 Price range for this vehicle in Fair condition","₹1,24,122 - ₹1,31,800
 Price range for this vehicle in Good condition","₹1,27,226 - ₹1,35,095
 Price range for this vehicle in Very Good condition","₹1,30,328 - ₹1,38,390
 Price range for this vehicle in Excellent condition","4



Health Score",https://droom.in/product/hyundai-santro-xing-gls-2006-60fbdc337caff7fd058b4573
MH 47,"₹2,56,911 - ₹2,72,803
 Price range for this vehicle in Fair condition","₹2,63,499 - ₹2,79,798
 Price range for this vehicle in Good condition","₹2,70,086 - ₹2,86,793
 Price range for this vehicle in Very Good condition","₹2,76,674 - ₹2,93,788
 Price range for this vehicle in Excellent condition","5.6



Health Score",https://droom.in/product/tata-indigo-ecs-lx-cr4-bs-iv-2016-6135db40a48d451a068b4673
MH 12,"₹1,43,088 - ₹1,51,939
 Price range for this vehicle in Fair condition","₹1,46,757 - ₹1,55,835
 Price range for this vehicle in Good condition","₹1,50,426 - ₹1,59,731
 Price range for this vehicle in Very Good condition","₹1,54,095 - ₹1,63,627
 Price range for this vehicle in Excellent condition","3.6



Health Score",https://droom.in/product/tata-nano-emax-lx-2016-6129f19c3d933400068b4653
MH 03,"₹1,40,190 - ₹1,48,861
 Price range for this vehicle in Fair condition","₹1,43,784 - ₹1,52,678
 Price range for this vehicle in Good condition","₹1,47,379 - ₹1,56,496
 Price range for this vehicle in Very Good condition","₹1,50,974 - ₹1,60,312
 Price range for this vehicle in Excellent condition","6



Health Score",https://droom.in/product/hyundai-santro-xing-xo-erlx-euro-ii-2007-612eb267f7156c3f0e8b45ac128
MH 14,"₹1,49,250 - ₹1,58,482
 Price range for this vehicle in Fair condition","₹1,53,077 - ₹1,62,546
 Price range for this vehicle in Good condition","₹1,56,904 - ₹1,66,609
 Price range for this vehicle in Very Good condition","₹1,60,731 - ₹1,70,673
 Price range for this vehicle in Excellent condition","4



Health Score",https://droom.in/product/maruti-suzuki-wagon-r-lxi-cng-2008-6129f4956907cc81278b45e1
MH 42,"₹8,60,075 - ₹9,13,275
 Price range for this vehicle in Fair condition","₹8,82,128 - ₹9,36,693
 Price range for this vehicle in Good condition","₹9,04,181 - ₹9,60,110
 Price range for this vehicle in Very Good condition","₹9,26,234 - ₹9,83,527
 Price range for this vehicle in Excellent condition","3.2



Health Score",https://droom.in/product/maruti-suzuki-vitara-brezza-zdi-plus-dual-tone-amt-2018-61150b6ff8444001068b464a
MH 12,"₹3,12,897 - ₹3,32,251
 Price range for this vehicle in Fair condition","₹3,20,920 - ₹3,40,771
 Price range for this vehicle in Good condition","₹3,28,943 - ₹3,49,290
 Price range for this vehicle in Very Good condition","₹3,36,966 - ₹3,57,809
 Price range for this vehicle in Excellent condition","4



Health Score",https://droom.in/product/honda-city-zx-vtec-plus-2008-61276c1d577e0a51048b46cd
MH 12,"₹1,28,197 - ₹1,36,126
 Price range for this vehicle in Fair condition","₹1,31,484 - ₹1,39,617
 Price range for this vehicle in Good condition","₹1,34,771 - ₹1,43,107
 Price range for this vehicle in Very Good condition","₹1,38,058 - ₹1,46,597
 Price range for this vehicle in Excellent condition","6



Health Score",https://droom.in/product/chevrolet-spark-ls-10-bs-iv-obdii-2011-613f273c46883a0e0d8b4a07
MH 12,"₹26,20,044 - ₹27,82,109
 Price range for this vehicle in Fair condition","₹26,87,225 - ₹28,53,445
 Price range for this vehicle in Good condition","₹27,54,406 - ₹29,24,781
 Price range for this vehicle in Very Good condition","₹28,21,586 - ₹29,96,117
 Price range for this vehicle in Excellent condition","7.1



Health Score",https://droom.in/product/bmw-5-series-520d-luxury-line-2014-5edd08ee60865d5d08e54c81113
MH 12,"₹2,22,709 - ₹2,36,484
 Price range for this vehicle in Fair condition","₹2,28,419 - ₹2,42,548
 Price range for this vehicle in Good condition","₹2,34,130 - ₹2,48,612
 Price range for this vehicle in Very Good condition","₹2,39,840 - ₹2,54,676
 Price range for this vehicle in Excellent condition","3.8



Health Score",https://droom.in/product/maruti-suzuki-wagon-r-lxi-cng-2012-6138860a20a6009a398b45ec
MH 12,"₹15,94,608 - ₹16,93,243
 Price range for this vehicle in Fair condition","₹16,35,495 - ₹17,36,660
 Price range for this vehicle in Good condition","₹16,76,383 - ₹17,80,076
 Price range for this vehicle in Very Good condition","₹17,17,270 - ₹18,23,493
 Price range for this vehicle in Excellent condition","3.6



Health Score",https://droom.in/product/toyota-innova-crysta-24-vx-7-str-2018-6139bbd6f9eca3c5138b45e7
MH 12,"₹3,57,602 - ₹3,79,722
 Price range for this vehicle in Fair condition","₹3,66,771 - ₹3,89,458
 Price range for this vehicle in Good condition","₹3,75,940 - ₹3,99,194
 Price range for this vehicle in Very Good condition","₹3,85,110 - ₹4,08,930
 Price range for this vehicle in Excellent condition","4



Health Score",https://droom.in/product/hyundai-i20-sportz-12-2013-6139c11846883a35468b4820
MH 14,"₹10,75,464 - ₹11,41,987
 Price range for this vehicle in Fair condition","₹11,03,040 - ₹11,71,269
 Price range for this vehicle in Good condition","₹11,30,616 - ₹12,00,551
 Price range for this vehicle in Very Good condition","₹11,58,192 - ₹12,29,833
 Price range for this vehicle in Excellent condition","3.2



Health Score",https://droom.in/product/hyundai-venue-sx-14-o-crdi-2020-6139c09146883a3b468b47f6
MH 12,"₹2,57,258 - ₹2,73,172
 Price range for this vehicle in Fair condition","₹2,63,855 - ₹2,80,176
 Price range for this vehicle in Good condition","₹2,70,452 - ₹2,87,181
 Price range for this vehicle in Very Good condition","₹2,77,048 - ₹2,94,185
 Price range for this vehicle in Excellent condition","4



Health Score",https://droom.in/product/maruti-suzuki-sx4-vxi-2011-610235280b02c168068b4574
MH 12,"₹1,84,006 - ₹1,95,388
 Price range for this vehicle in Fair condition","₹1,88,724 - ₹2,00,398
 Price range for this vehicle in Good condition","₹1,93,442 - ₹2,05,408
 Price range for this vehicle in Very Good condition","₹1,98,160 - ₹2,10,418
 Price range for this vehicle in Excellent condition","4



Health Score",https://droom.in/product/chevrolet-sail-hatchback-12-ls-2013-610256ca46883a08288b4a56
MH 02,"₹3,34,147 - ₹3,54,816
 Price range for this vehicle in Fair condition","₹3,42,714 - ₹3,63,913
 Price range for this vehicle in Good condition","₹3,51,282 - ₹3,73,011
 Price range for this vehicle in Very Good condition","₹3,59,850 - ₹3,82,109
 Price range for this vehicle in Excellent condition","4



Health Score",https://droom.in/product/honda-city-s-i-vtec-2012-6102389371d47ccb5d8b4587
MH 14,"₹4,42,122 - ₹4,69,470
 Price range for this vehicle in Fair condition","₹4,53,459 - ₹4,81,508
 Price range for this vehicle in Good condition","₹4,64,795 - ₹4,93,545
 Price range for this vehicle in Very Good condition","₹4,76,132 - ₹5,05,583
 Price range for this vehicle in Excellent condition","4



Health Score",https://droom.in/product/maruti-suzuki-baleno-delta-12-2017-6113c894d5ceb683078b4758
MH 12,"₹16,16,653 - ₹17,16,653
 Price range for this vehicle in Fair condition","₹16,58,106 - ₹17,60,670
 Price range for this vehicle in Good condition","₹16,99,559 - ₹18,04,686
 Price range for this vehicle in Very Good condition","₹17,41,011 - ₹18,48,703
 Price range for this vehicle in Excellent condition","6.7



Health Score",https://droom.in/product/toyota-innova-crysta-24-vx-8-str-2018-5f3cfc3985865d4b08ca1dd8
MH 12,"₹1,56,990 - ₹1,66,701
 Price range for this vehicle in Fair condition","₹1,61,015 - ₹1,70,975
 Price range for this vehicle in Good condition","₹1,65,041 - ₹1,75,250
 Price range for this vehicle in Very Good condition","₹1,69,067 - ₹1,79,524
 Price range for this vehicle in Excellent condition","7.5



Health Score",https://droom.in/product/maruti-suzuki-wagon-r-lxi-cng-2009-5f4761a726724b6a078b456f
MH 12,"₹4,89,250 - ₹5,19,513
 Price range for this vehicle in Fair condition","₹5,01,795 - ₹5,32,834
 Price range for this vehicle in Good condition","₹5,14,339 - ₹5,46,154
 Price range for this vehicle in Very Good condition","₹5,26,884 - ₹5,59,475
 Price range for this vehicle in Excellent condition","3.2



Health Score",https://droom.in/product/skoda-superb-25-tdi-at-2010-612a0d34d5ceb6ae7d8b4626
MH 14,"₹12,70,563 - ₹13,49,154
 Price range for this vehicle in Fair condition","₹13,03,142 - ₹13,83,749
 Price range for this vehicle in Good condition","₹13,35,720 - ₹14,18,342
 Price range for this vehicle in Very Good condition","₹13,68,299 - ₹14,52,936
 Price range for this vehicle in Excellent condition","3.6



Health Score",https://droom.in/product/hyundai-creta-16-sx-at-petrol-2019-5e2586dffb80ad0002533a6e
MH 14,"₹7,18,634 - ₹7,63,085
 Price range for this vehicle in Fair condition","₹7,37,061 - ₹7,82,652
 Price range for this vehicle in Good condition","₹7,55,487 - ₹8,02,218
 Price range for this vehicle in Very Good condition","₹7,73,914 - ₹8,21,785
 Price range for this vehicle in Excellent condition","3.2



Health Score",https://droom.in/product/mahindra-xuv500-w9-2018-60ac9193e80efaf4048b4589
MH 12,"₹3,09,144 - ₹3,28,266
 Price range for this vehicle in Fair condition","₹3,17,070 - ₹3,36,683
 Price range for this vehicle in Good condition","₹3,24,997 - ₹3,45,100
 Price range for this vehicle in Very Good condition","₹3,32,924 - ₹3,53,517
 Price range for this vehicle in Excellent condition","4.4



Health Score",https://droom.in/product/toyota-etios-gd-2015-610cc8909ef6ac4e068b4585499
MH 12,"₹2,64,967 - ₹2,81,357
 Price range for this vehicle in Fair condition","₹2,71,761 - ₹2,88,571
 Price range for this vehicle in Good condition","₹2,78,555 - ₹2,95,786
 Price range for this vehicle in Very Good condition","₹2,85,349 - ₹3,03,000
 Price range for this vehicle in Excellent condition","4



Health Score",https://droom.in/product/hyundai-i10-sportz-12-2012-610a7ac0533b371f068b4582
MH 14,"₹5,74,149 - ₹6,09,664
 Price range for this vehicle in Fair condition","₹5,88,871 - ₹6,25,296
 Price range for this vehicle in Good condition","₹6,03,593 - ₹6,40,928
 Price range for this vehicle in Very Good condition","₹6,18,315 - ₹6,56,561
 Price range for this vehicle in Excellent condition","3.8



Health Score",https://droom.in/product/maruti-suzuki-swift-vxi-2019-610a74e679c5bf37078b4622
MH 12,"3.6



Health Score",https://droom.in/product/maruti-suzuki-wagon-r-lxi-10-cng-2017-5f8c1907426e4bc40816e22e
MH 14,"₹7,74,621 - ₹8,22,535
 Price range for this vehicle in Fair condition","₹7,94,482 - ₹8,43,626
 Price range for this vehicle in Good condition","₹8,14,345 - ₹8,64,716
 Price range for this vehicle in Very Good condition","₹8,34,207 - ₹8,85,807
 Price range for this vehicle in Excellent condition","3.2



Health Score",https://droom.in/product/hyundai-creta-16-sx-diesel-2015-61656aad46883a4e5b8b4609
MH 14,"₹2,43,056 - ₹2,58,090
 Price range for this vehicle in Fair condition","₹2,49,288 - ₹2,64,708
 Price range for this vehicle in Good condition","₹2,55,520 - ₹2,71,326
 Price range for this vehicle in Very Good condition","₹2,61,752 - ₹2,77,943
 Price range for this vehicle in Excellent condition","3.6



Health Score",https://droom.in/product/maruti-suzuki-wagon-r-lxi-cng-2014-616567aaf55a081a068b4621
MH 47,"₹5,40,355 - ₹5,73,779
 Price range for this vehicle in Fair condition","₹5,54,210 - ₹5,88,491
 Price range for this vehicle in Good condition","₹5,68,065 - ₹6,03,203
 Price range for this vehicle in Very Good condition","₹5,81,921 - ₹6,17,916
 Price range for this vehicle in Excellent condition","3.8



Health Score",https://droom.in/product/maruti-suzuki-s-cross-zeta-13-2015-6108ee8f762a503f068b462c
MH 01,"₹4,41,142 - ₹4,68,429
 Price range for this vehicle in Fair condition","₹4,52,453 - ₹4,80,440
 Price range for this vehicle in Good condition","₹4,63,764 - ₹4,92,451
 Price range for this vehicle in Very Good condition","₹4,75,076 - ₹5,04,462
 Price range for this vehicle in Excellent condition","4



Health Score",https://droom.in/product/hyundai-verna-16-vtvt-sx-at-2013-611e365b34f5b7ff058b45c5
MH 14,"₹5,90,863 - ₹6,27,410
 Price range for this vehicle in Fair condition","₹6,06,012 - ₹6,43,497
 Price range for this vehicle in Good condition","₹6,21,162 - ₹6,59,586
 Price range for this vehicle in Very Good condition","₹6,36,313 - ₹6,75,673
 Price range for this vehicle in Excellent condition","3.2



Health Score",https://droom.in/product/maruti-suzuki-ertiga-vxi-at-2017-6161691e46883a5d508b468e
MH 12,"₹3,63,855 - ₹3,86,361
 Price range for this vehicle in Fair condition","₹3,73,184 - ₹3,96,268
 Price range for this vehicle in Good condition","₹3,82,514 - ₹4,06,175
 Price range for this vehicle in Very Good condition","₹3,91,843 - ₹4,16,081
 Price range for this vehicle in Excellent condition","3.8



Health Score",https://droom.in/product/maruti-suzuki-wagon-r-vxi-2018-616167b05b2c7a4b468b460d
MH 48,"₹21,02,351 - ₹22,32,393
 Price range for this vehicle in Fair condition","₹21,56,258 - ₹22,89,634
 Price range for this vehicle in Good condition","₹22,10,164 - ₹23,46,875
 Price range for this vehicle in Very Good condition","₹22,64,070 - ₹24,04,116
 Price range for this vehicle in Excellent condition","3.2



Health Score",https://droom.in/product/toyota-fortuner-28-4x2-at-2018-616163bc87935bfc048b4607
MH 12,"₹1,27,687 - ₹1,35,585
 Price range for this vehicle in Fair condition","₹1,30,961 - ₹1,39,062
 Price range for this vehicle in Good condition","₹1,34,235 - ₹1,42,539
 Price range for this vehicle in Very Good condition","₹1,37,509 - ₹1,46,015
 Price range for this vehicle in Excellent condition","3.8



Health Score",https://droom.in/product/tata-nano-twist-xt-2016-61615ddf5b2c7a49468b45ad
MH 12,"₹4,67,250 - ₹4,96,152
 Price range for this vehicle in Fair condition","₹4,79,231 - ₹5,08,874
 Price range for this vehicle in Good condition","₹4,91,212 - ₹5,21,596
 Price range for this vehicle in Very Good condition","₹5,03,192 - ₹5,34,317
 Price range for this vehicle in Excellent condition","3.8



Health Score",https://droom.in/product/honda-jazz-s-i-dtec-2016-616158255b2c7a79468b45c6
MH 14,"₹1,81,104 - ₹1,92,306
 Price range for this vehicle in Fair condition","₹1,85,747 - ₹1,97,237
 Price range for this vehicle in Good condition","₹1,90,391 - ₹2,02,168
 Price range for this vehicle in Very Good condition","₹1,95,034 - ₹2,07,099
 Price range for this vehicle in Excellent condition","3.8



Health Score",https://droom.in/product/maruti-suzuki-wagon-r-lxi-bs-iv-2012-615efbaf32b40b06078b4598
MH 12,"₹2,22,290 - ₹2,36,040
 Price range for this vehicle in Fair condition","₹2,27,990 - ₹2,42,092
 Price range for this vehicle in Good condition","₹2,33,689 - ₹2,48,144
 Price range for this vehicle in Very Good condition","₹2,39,389 - ₹2,54,196
 Price range for this vehicle in Excellent condition","3.6



Health Score",https://droom.in/product/maruti-suzuki-wagon-r-vxi-bs-iv-2013-615efaa532b40b13068b457f
MH 12,"₹1,60,820 - ₹1,70,768
 Price range for this vehicle in Fair condition","₹1,64,944 - ₹1,75,147
 Price range for this vehicle in Good condition","₹1,69,068 - ₹1,79,526
 Price range for this vehicle in Very Good condition","₹1,73,191 - ₹1,83,904
 Price range for this vehicle in Excellent condition","4



Health Score",https://droom.in/product/maruti-suzuki-alto-k10-vxi-2011-615ef55a4c1a982d068b456a
MH 12,"₹31,376 - ₹33,317
 Price range for this vehicle in Fair condition","₹32,181 - ₹34,171
 Price range for this vehicle in Good condition","₹32,986 - ₹35,026
 Price range for this vehicle in Very Good condition","₹33,790 - ₹35,880
 Price range for this vehicle in Excellent condition","4



Health Score",https://droom.in/product/hyundai-accent-gls-2004-615ef44d85bc231a068b456a
MH 14,"₹8,32,064 - ₹8,83,532
 Price range for this vehicle in Fair condition","₹8,53,399 - ₹9,06,186
 Price range for this vehicle in Good condition","₹8,74,733 - ₹9,28,841
 Price range for this vehicle in Very Good condition","₹8,96,068 - ₹9,51,495
 Price range for this vehicle in Excellent condition","4



Health Score",https://droom.in/product/honda-city-v-i-vtec-2019-61287e1c8491fd15068b456c
MH 12,"₹4,21,310 - ₹4,47,370
 Price range for this vehicle in Fair condition","₹4,32,113 - ₹4,58,842
 Price range for this vehicle in Good condition","₹4,42,916 - ₹4,70,312
 Price range for this vehicle in Very Good condition","₹4,53,719 - ₹4,81,784
 Price range for this vehicle in Excellent condition","3.8



Health Score",https://droom.in/product/maruti-suzuki-ciaz-zxi-o-2014-60fea2ed6f00a985078b462b
MH 04,"₹1,86,038 - ₹1,97,546
 Price range for this vehicle in Fair condition","₹1,90,808 - ₹2,02,611
 Price range for this vehicle in Good condition","₹1,95,579 - ₹2,07,676
 Price range for this vehicle in Very Good condition","₹2,00,348 - ₹2,12,741
 Price range for this vehicle in Excellent condition","4



Health Score",https://droom.in/product/honda-city-15-gxi-2007-611e3d23931784f9078b4632
MH 14,"₹2,22,272 - ₹2,36,021
 Price range for this vehicle in Fair condition","₹2,27,971 - ₹2,42,072
 Price range for this vehicle in Good condition","₹2,33,671 - ₹2,48,124
 Price range for this vehicle in Very Good condition","₹2,39,370 - ₹2,54,176
 Price range for this vehicle in Excellent condition","3.2



Health Score",https://droom.in/product/tata-indica-vista-lx-quadrajet-2015-611512af97c9a112068b46a5
MH 01,"₹3,50,430 - ₹3,72,106
 Price range for this vehicle in Fair condition","₹3,59,415 - ₹3,81,647
 Price range for this vehicle in Good condition","₹3,68,400 - ₹3,91,188
 Price range for this vehicle in Very Good condition","₹3,77,386 - ₹4,00,729
 Price range for this vehicle in Excellent condition","7.5



Health Score",https://droom.in/product/honda-city-15-s-mt-2009-5ee0cbfcdaa74cff0ef29aa0
MH 14,"₹3,40,216 - ₹3,61,259
 Price range for this vehicle in Fair condition","₹3,48,939 - ₹3,70,523
 Price range for this vehicle in Good condition","₹3,57,662 - ₹3,79,785
 Price range for this vehicle in Very Good condition","₹3,66,386 - ₹3,89,049
 Price range for this vehicle in Excellent condition","3.8



Health Score",https://droom.in/product/maruti-suzuki-swift-vdi-2013-611cc051d86dd414068b4593
MH 14,"4



Health Score",https://droom.in/product/maruti-suzuki-omni-e-mpi-std-bsiv-2011-6110ecc445e9de42068b45a5
MH 12,"₹4,08,876 - ₹4,34,167
 Price range for this vehicle in Fair condition","₹4,19,360 - ₹4,45,300
 Price range for this vehicle in Good condition","₹4,29,845 - ₹4,56,433
 Price range for this vehicle in Very Good condition","₹4,40,328 - ₹4,67,565
 Price range for this vehicle in Excellent condition","3.6



Health Score",https://droom.in/product/volkswagen-polo-comfortline-12l-p-2016-616c2f8f3477cb762e8b46ff
MH 12,"₹7,57,293 - ₹8,04,136
 Price range for this vehicle in Fair condition","₹7,76,711 - ₹8,24,755
 Price range for this vehicle in Good condition","₹7,96,128 - ₹8,45,373
 Price range for this vehicle in Very Good condition","₹8,15,546 - ₹8,65,992
 Price range for this vehicle in Excellent condition","5.6



Health Score",https://droom.in/product/maruti-suzuki-s-cross-zeta-13-2018-6172297aad95362b068b4595608
MH 12,"₹3,19,576 - ₹3,39,343
 Price range for this vehicle in Fair condition","₹3,27,770 - ₹3,48,044
 Price range for this vehicle in Good condition","₹3,35,964 - ₹3,56,745
 Price range for this vehicle in Very Good condition","₹3,44,158 - ₹3,65,447
 Price range for this vehicle in Excellent condition","3.8



Health Score",https://droom.in/product/mahindra-bolero-slx-2011-61012c7f46883a300e8b4620
MH 05,"₹88,216 - ₹93,672
 Price range for this vehicle in Fair condition","₹90,478 - ₹96,074
 Price range for this vehicle in Good condition","₹92,740 - ₹98,477
 Price range for this vehicle in Very Good condition","₹95,002 - ₹1,00,878
 Price range for this vehicle in Excellent condition","6



Health Score",https://droom.in/product/tata-nano-lx-2014-60f7ce01a6d8b21d068b45b9705
MH 12,"₹10,05,327 - ₹10,67,513
 Price range for this vehicle in Fair condition","₹10,31,105 - ₹10,94,885
 Price range for this vehicle in Good condition","₹10,56,883 - ₹11,22,257
 Price range for this vehicle in Very Good condition","₹10,82,660 - ₹11,49,629
 Price range for this vehicle in Excellent condition","3.8



Health Score",https://droom.in/product/skoda-octavia-elegance-18-tsi-at-2014-60f6944f4f902b25408b45ba
MH 14,"₹5,74,149 - ₹6,09,664
 Price range for this vehicle in Fair condition","₹5,88,871 - ₹6,25,296
 Price range for this vehicle in Good condition","₹6,03,593 - ₹6,40,928
 Price range for this vehicle in Very Good condition","₹6,18,315 - ₹6,56,561
 Price range for this vehicle in Excellent condition","3.8



Health Score",https://droom.in/product/maruti-suzuki-swift-vxi-2019-614c65f250c807f23e8b4682
MH 12,"₹7,41,963 - ₹7,87,857
 Price range for this vehicle in Fair condition","₹7,60,987 - ₹8,08,059
 Price range for this vehicle in Good condition","₹7,80,012 - ₹8,28,260
 Price range for this vehicle in Very Good condition","₹7,99,036 - ₹8,48,461
 Price range for this vehicle in Excellent condition","3.2



Health Score",https://droom.in/product/hyundai-creta-14-s-diesel-2017-614c6054d97c2602068b4643
MH 12,"₹10,63,416 - ₹11,29,194
 Price range for this vehicle in Fair condition","₹10,90,683 - ₹11,58,148
 Price range for this vehicle in Good condition","₹11,17,950 - ₹11,87,101
 Price range for this vehicle in Very Good condition","₹11,45,217 - ₹12,16,055
 Price range for this vehicle in Excellent condition","3.2



Health Score",https://droom.in/product/mahindra-xuv300-w8-amt-o-diesel-2019-614c30ed46883a4c5e8b4682
MH 12,"₹10,16,726 - ₹10,79,616
 Price range for this vehicle in Fair condition","₹10,42,796 - ₹11,07,299
 Price range for this vehicle in Good condition","₹10,68,866 - ₹11,34,981
 Price range for this vehicle in Very Good condition","₹10,94,936 - ₹11,62,664
 Price range for this vehicle in Excellent condition","3.6



Health Score",https://droom.in/product/mahindra-xuv300-w8-o-diesel-2019-614c300c46883a4b5e8b463b
GA 07,"₹12,46,489 - ₹13,23,592
 Price range for this vehicle in Fair condition","₹12,78,450 - ₹13,57,529
 Price range for this vehicle in Good condition","₹13,10,412 - ₹13,91,468
 Price range for this vehicle in Very Good condition","₹13,42,373 - ₹14,25,406
 Price range for this vehicle in Excellent condition","3.2



Health Score",https://droom.in/product/hyundai-creta-16-sx-opt-diesel-2018-614c2e76d97c2602068b45a2
MH 12,"₹3,03,416 - ₹3,22,183
 Price range for this vehicle in Fair condition","₹3,11,195 - ₹3,30,444
 Price range for this vehicle in Good condition","₹3,18,975 - ₹3,38,705
 Price range for this vehicle in Very Good condition","₹3,26,755 - ₹3,46,966
 Price range for this vehicle in Excellent condition","4



Health Score",https://droom.in/product/hyundai-elite-i20-magna-12-2014-614c2d464db9f399148b45f4
MH 14,"₹13,49,561 - ₹14,33,039
 Price range for this vehicle in Fair condition","₹13,84,165 - ₹14,69,783
 Price range for this vehicle in Good condition","₹14,18,769 - ₹15,06,528
 Price range for this vehicle in Very Good condition","₹14,53,373 - ₹15,43,273
 Price range for this vehicle in Excellent condition","3.6



Health Score",https://droom.in/product/kia-seltos-htk-plus-at-15-diesel-2020-614c2b6250c807f83e8b4606
MH 01,"₹2,24,391 - ₹2,38,271
 Price range for this vehicle in Fair condition","₹2,30,145 - ₹2,44,381
 Price range for this vehicle in Good condition","₹2,35,898 - ₹2,50,490
 Price range for this vehicle in Very Good condition","₹2,41,652 - ₹2,56,599
 Price range for this vehicle in Excellent condition","4



Health Score",https://droom.in/product/hyundai-i10-magna-12-2010-614dbcea9442aaf7048b477b
MH 12,"₹2,19,567 - ₹2,33,148
 Price range for this vehicle in Fair condition","₹2,25,197 - ₹2,39,126
 Price range for this vehicle in Good condition","₹2,30,826 - ₹2,45,104
 Price range for this vehicle in Very Good condition","₹2,36,456 - ₹2,51,082
 Price range for this vehicle in Excellent condition","3.8



Health Score",https://droom.in/product/maruti-suzuki-ritz-vdi-2011-614c85af46883a45678b476c
MH 12,"₹4,56,003 - ₹4,84,209
 Price range for this vehicle in Fair condition","₹4,67,695 - ₹4,96,624
 Price range for this vehicle in Good condition","₹4,79,388 - ₹5,09,041
 Price range for this vehicle in Very Good condition","₹4,91,080 - ₹5,21,456
 Price range for this vehicle in Excellent condition","3.2



Health Score",https://droom.in/product/maruti-suzuki-swift-dzire-tour-diesel-2018-614c750aa48d451c208b45dc
MH 02,"₹3,03,414 - ₹3,22,182
 Price range for this vehicle in Fair condition","₹3,11,194 - ₹3,30,443
 Price range for this vehicle in Good condition","₹3,18,974 - ₹3,38,704
 Price range for this vehicle in Very Good condition","₹3,26,754 - ₹3,46,965
 Price range for this vehicle in Excellent condition","4



Health Score",https://droom.in/product/volkswagen-polo-highline-12l-p-2014-614ed0e146883a7b6c8b466c
MH 01,"₹2,36,119 - ₹2,50,724
 Price range for this vehicle in Fair condition","₹2,42,173 - ₹2,57,153
 Price range for this vehicle in Good condition","₹2,48,228 - ₹2,63,582
 Price range for this vehicle in Very Good condition","₹2,54,281 - ₹2,70,011
 Price range for this vehicle in Excellent condition","4



Health Score",https://droom.in/product/maruti-suzuki-sx4-vxi-2010-614d7a19ca826afb048b461e
MH 12,"₹1,66,164 - ₹1,76,442
 Price range for this vehicle in Fair condition","₹1,70,424 - ₹1,80,966
 Price range for this vehicle in Good condition","₹1,74,685 - ₹1,85,490
 Price range for this vehicle in Very Good condition","₹1,78,945 - ₹1,90,014
 Price range for this vehicle in Excellent condition","4



Health Score",https://droom.in/product/maruti-suzuki-ritz-vxi-2010-61519252fab0dbc6088b478e
MH 12,"₹2,05,177 - ₹2,17,868
 Price range for this vehicle in Fair condition","₹2,10,438 - ₹2,23,455
 Price range for this vehicle in Good condition","₹2,15,699 - ₹2,29,041
 Price range for this vehicle in Very Good condition","₹2,20,960 - ₹2,34,628
 Price range for this vehicle in Excellent condition","4



Health Score",https://droom.in/product/hyundai-i10-magna-12-2010-614c92cdc94a8e24188b4588
MH 20,"₹2,64,426 - ₹2,80,782
 Price range for this vehicle in Fair condition","₹2,71,206 - ₹2,87,982
 Price range for this vehicle in Good condition","₹2,77,986 - ₹2,95,181
 Price range for this vehicle in Very Good condition","₹2,84,767 - ₹3,02,380
 Price range for this vehicle in Excellent condition","4



Health Score",https://droom.in/product/hyundai-i20-magna-12-2010-6142df51746fec58078b4597
MH 03,"₹4,11,200 - ₹4,36,635
 Price range for this vehicle in Fair condition","₹4,21,744 - ₹4,47,831
 Price range for this vehicle in Good condition","₹4,32,287 - ₹4,59,026
 Price range for this vehicle in Very Good condition","₹4,42,831 - ₹4,70,222
 Price range for this vehicle in Excellent condition","3.6



Health Score",https://droom.in/product/honda-amaze-15-s-i-dtec-2016-61514e41f904caf1048b459b
MH 04,"₹2,33,993 - ₹2,48,467
 Price range for this vehicle in Fair condition","₹2,39,993 - ₹2,54,838
 Price range for this vehicle in Good condition","₹2,45,993 - ₹2,61,209
 Price range for this vehicle in Very Good condition","₹2,51,993 - ₹2,67,580
 Price range for this vehicle in Excellent condition","4



Health Score",https://droom.in/product/maruti-suzuki-alto-800-vxi-2017-61514c6146883a3b708b4883
MH 14,"₹7,31,981 - ₹7,77,258
 Price range for this vehicle in Fair condition","₹7,50,749 - ₹7,97,187
 Price range for this vehicle in Good condition","₹7,69,518 - ₹8,17,117
 Price range for this vehicle in Very Good condition","₹7,88,287 - ₹8,37,046
 Price range for this vehicle in Excellent condition","3.8



Health Score",https://droom.in/product/honda-br-v-v-cvt-petrol-2016-61514b53d7c1c2550f8b45b3
MH 12,"₹4,25,701 - ₹4,52,032
 Price range for this vehicle in Fair condition","₹4,36,616 - ₹4,63,623
 Price range for this vehicle in Good condition","₹4,47,531 - ₹4,75,213
 Price range for this vehicle in Very Good condition","₹4,58,446 - ₹4,86,804
 Price range for this vehicle in Excellent condition","3.2



Health Score",https://droom.in/product/maruti-suzuki-ciaz-vdi-shvs-2015-614ea4701705fef7058b4568
MH 12,"₹5,04,187 - ₹5,35,375
 Price range for this vehicle in Fair condition","₹5,17,115 - ₹5,49,101
 Price range for this vehicle in Good condition","₹5,30,043 - ₹5,62,829
 Price range for this vehicle in Very Good condition","₹5,42,971 - ₹5,76,556
 Price range for this vehicle in Excellent condition","3.2



Health Score",https://droom.in/product/mahindra-tuv300-t8-2016-614ea2f2841dc800068b45d5
MH 12,"₹3,72,054 - ₹3,95,068
 Price range for this vehicle in Fair condition","₹3,81,593 - ₹4,05,197
 Price range for this vehicle in Good condition","₹3,91,133 - ₹4,15,327
 Price range for this vehicle in Very Good condition","₹4,00,673 - ₹4,25,457
 Price range for this vehicle in Excellent condition","3.6



Health Score",https://droom.in/product/maruti-suzuki-swift-vdi-bs-iv-2014-614ea09d841dc804068b45c0
MH 12,"₹1,25,031 - ₹1,32,765
 Price range for this vehicle in Fair condition","₹1,28,237 - ₹1,36,169
 Price range for this vehicle in Good condition","₹1,31,443 - ₹1,39,573
 Price range for this vehicle in Very Good condition","₹1,34,649 - ₹1,42,978
 Price range for this vehicle in Excellent condition","4



Health Score",https://droom.in/product/maruti-suzuki-omni-8-seater-bs-iv-2009-614e9f40d313534d068b45ca
MH 14,"₹2,84,516 - ₹3,02,114
 Price range for this vehicle in Fair condition","₹2,91,811 - ₹3,09,861
 Price range for this vehicle in Good condition","₹2,99,106 - ₹3,17,607
 Price range for this vehicle in Very Good condition","₹3,06,401 - ₹3,25,354
 Price range for this vehicle in Excellent condition","3.4



Health Score",https://droom.in/product/maruti-suzuki-swift-vdi-bs-iv-2013-614c6a1ba48d4563068b45de
MH 12,"₹16,77,370 - ₹17,81,125
 Price range for this vehicle in Fair condition","₹17,20,380 - ₹18,26,795
 Price range for this vehicle in Good condition","₹17,63,389 - ₹18,72,465
 Price range for this vehicle in Very Good condition","₹18,06,399 - ₹19,18,134
 Price range for this vehicle in Excellent condition","3.6



Health Score",https://droom.in/product/toyota-innova-crysta-28-gx-at-8-str-2019-6152b30ba6647d47078b45f4
MH 12,"₹2,54,748 - ₹2,70,507
 Price range for this vehicle in Fair condition","₹2,61,281 - ₹2,77,442
 Price range for this vehicle in Good condition","₹2,67,813 - ₹2,84,378
 Price range for this vehicle in Very Good condition","₹2,74,345 - ₹2,91,314
 Price range for this vehicle in Excellent condition","4



Health Score",https://droom.in/product/maruti-suzuki-swift-vxi-12-abs-bs-iv-2011-61431adef73140fa068b4653
MH 12,"₹2,54,510 - ₹2,70,253
 Price range for this vehicle in Fair condition","₹2,61,036 - ₹2,77,182
 Price range for this vehicle in Good condition","₹2,67,562 - ₹2,84,113
 Price range for this vehicle in Very Good condition","₹2,74,088 - ₹2,91,042
 Price range for this vehicle in Excellent condition","4



Health Score",https://droom.in/product/maruti-suzuki-swift-vxi-2010-6142e877f73140641f8b458c
MH 12,"₹6,37,937 - ₹6,77,397
 Price range for this vehicle in Fair condition","₹6,54,294 - ₹6,94,766
 Price range for this vehicle in Good condition","₹6,70,652 - ₹7,12,136
 Price range for this vehicle in Very Good condition","₹6,87,009 - ₹7,29,504
 Price range for this vehicle in Excellent condition","3.6



Health Score",https://droom.in/product/maruti-suzuki-ertiga-vdi-shvs-2017-6142e58212448e34068b4635
MH 12,"₹3,40,969 - ₹3,62,060
 Price range for this vehicle in Fair condition","₹3,49,712 - ₹3,71,344
 Price range for this vehicle in Good condition","₹3,58,455 - ₹3,80,628
 Price range for this vehicle in Very Good condition","₹3,67,198 - ₹3,89,911
 Price range for this vehicle in Excellent condition","4



Health Score",https://droom.in/product/maruti-suzuki-wagon-r-vxi-amt-2017-6142e31f28eff4b5588b4582
MH 02,"₹2,26,571 - ₹2,40,586
 Price range for this vehicle in Fair condition","₹2,32,381 - ₹2,46,755
 Price range for this vehicle in Good condition","₹2,38,190 - ₹2,52,923
 Price range for this vehicle in Very Good condition","₹2,44,000 - ₹2,59,092
 Price range for this vehicle in Excellent condition","4



Health Score",https://droom.in/product/hyundai-i10-magna-12-2011-616ec0ee2bfe086f2b8b47b6
MH 14,"₹10,54,899 - ₹11,20,151
 Price range for this vehicle in Fair condition","₹10,81,948 - ₹11,48,873
 Price range for this vehicle in Good condition","₹11,08,997 - ₹11,77,595
 Price range for this vehicle in Very Good condition","₹11,36,046 - ₹12,06,316
 Price range for this vehicle in Excellent condition","3.4



Health Score",https://droom.in/product/toyota-fortuner-30-4x4-mt-2013-617014883bbcfcf7048b4801
MH 14,"₹3,29,483 - ₹3,49,863
 Price range for this vehicle in Fair condition","₹3,37,932 - ₹3,58,835
 Price range for this vehicle in Good condition","₹3,46,380 - ₹3,67,805
 Price range for this vehicle in Very Good condition","₹3,54,828 - ₹3,76,776
 Price range for this vehicle in Excellent condition","3.6



Health Score",https://droom.in/product/maruti-suzuki-ertiga-lxi-cng-2013-60fbd6be83e5ebfb058b45ee
MH 14,"₹2,46,288 - ₹2,61,522
 Price range for this vehicle in Fair condition","₹2,52,603 - ₹2,68,228
 Price range for this vehicle in Good condition","₹2,58,918 - ₹2,74,934
 Price range for this vehicle in Very Good condition","₹2,65,233 - ₹2,81,639
 Price range for this vehicle in Excellent condition","3.6



Health Score",https://droom.in/product/renault-kwid-10-rxt-2017-6142d8b8d4265306068b45e5
MH 12,"₹1,48,599 - ₹1,57,791
 Price range for this vehicle in Fair condition","₹1,52,410 - ₹1,61,837
 Price range for this vehicle in Good condition","₹1,56,220 - ₹1,65,883
 Price range for this vehicle in Very Good condition","₹1,60,030 - ₹1,69,929
 Price range for this vehicle in Excellent condition","4



Health Score",https://droom.in/product/maruti-suzuki-zen-estilo-lxi-2010-6142d47940167eed048b45ce
MH 12,"₹2,94,382 - ₹3,12,591
 Price range for this vehicle in Fair condition","₹3,01,930 - ₹3,20,606
 Price range for this vehicle in Good condition","₹3,09,478 - ₹3,28,621
 Price range for this vehicle in Very Good condition","₹3,17,026 - ₹3,36,636
 Price range for this vehicle in Excellent condition","3.8



Health Score",https://droom.in/product/maruti-suzuki-celerio-vxi-at-2015-6142d3eed426530d068b45d4
MH 12,"₹5,37,109 - ₹5,70,332
 Price range for this vehicle in Fair condition","₹5,50,881 - ₹5,84,956
 Price range for this vehicle in Good condition","₹5,64,653 - ₹5,99,580
 Price range for this vehicle in Very Good condition","₹5,78,425 - ₹6,14,204
 Price range for this vehicle in Excellent condition","3.6



Health Score",https://droom.in/product/maruti-suzuki-ciaz-zxi-2016-61422d04f5565a0d068b45b8
MH 14,"₹4,27,358 - ₹4,53,793
 Price range for this vehicle in Fair condition","₹4,38,316 - ₹4,65,428
 Price range for this vehicle in Good condition","₹4,49,274 - ₹4,77,064
 Price range for this vehicle in Very Good condition","₹4,60,232 - ₹4,88,700
 Price range for this vehicle in Excellent condition","3.6



Health Score",https://droom.in/product/maruti-suzuki-ertiga-vxi-cng-2014-61433afa7af0e50b058b473c
MH 14,"₹3,49,741 - ₹3,71,375
 Price range for this vehicle in Fair condition","₹3,58,709 - ₹3,80,897
 Price range for this vehicle in Good condition","₹3,67,677 - ₹3,90,420
 Price range for this vehicle in Very Good condition","₹3,76,645 - ₹3,99,942
 Price range for this vehicle in Excellent condition","3.8



Health Score",https://droom.in/product/maruti-suzuki-swift-dzire-vxi-2014-6143360728eff4460c8b46f7
MH 12,"₹6,06,460 - ₹6,43,973
 Price range for this vehicle in Fair condition","₹6,22,010 - ₹6,60,485
 Price range for this vehicle in Good condition","₹6,37,561 - ₹6,76,997
 Price range for this vehicle in Very Good condition","₹6,53,111 - ₹6,93,510
 Price range for this vehicle in Excellent condition","3.6



Health Score",https://droom.in/product/honda-jazz-v-cvt-i-vtec-2018-5f5c7cb5a56d4bf80707bd8e
MH 01,"₹1,61,806 - ₹1,71,814
 Price range for this vehicle in Fair condition","₹1,65,955 - ₹1,76,220
 Price range for this vehicle in Good condition","₹1,70,103 - ₹1,80,625
 Price range for this vehicle in Very Good condition","₹1,74,252 - ₹1,85,030
 Price range for this vehicle in Excellent condition","7.5



Health Score",https://droom.in/product/skoda-fabia-ambiente-12-mpi-2010-5eeaf727aa8a5d9909d3edb9
MH 12,"₹3,40,434 - ₹3,61,491
 Price range for this vehicle in Fair condition","₹3,49,162 - ₹3,70,760
 Price range for this vehicle in Good condition","₹3,57,892 - ₹3,80,029
 Price range for this vehicle in Very Good condition","₹3,66,621 - ₹3,89,298
 Price range for this vehicle in Excellent condition","5.6



Health Score",https://droom.in/product/maruti-suzuki-eeco-5-str-cng-with-htr-2019-61207613b6261fba108b4595
MH 12,"₹1,68,491 - ₹1,78,913
 Price range for this vehicle in Fair condition","₹1,72,811 - ₹1,83,500
 Price range for this vehicle in Good condition","₹1,77,132 - ₹1,88,089
 Price range for this vehicle in Very Good condition","₹1,81,452 - ₹1,92,675
 Price range for this vehicle in Excellent condition","5.6



Health Score",https://droom.in/product/tata-winger-platinum-2008-612cdeb5057d191b068b4594238
MH 03,"₹2,32,180 - ₹2,46,542
 Price range for this vehicle in Fair condition","₹2,38,133 - ₹2,52,863
 Price range for this vehicle in Good condition","₹2,44,087 - ₹2,59,185
 Price range for this vehicle in Very Good condition","₹2,50,040 - ₹2,65,506
 Price range for this vehicle in Excellent condition","4



Health Score",https://droom.in/product/maruti-suzuki-wagon-r-lxi-cng-2013-614438e1f383d0f5058b467f
MH 12,"₹3,56,649 - ₹3,78,710
 Price range for this vehicle in Fair condition","₹3,65,795 - ₹3,88,421
 Price range for this vehicle in Good condition","₹3,74,939 - ₹3,98,132
 Price range for this vehicle in Very Good condition","₹3,84,084 - ₹4,07,842
 Price range for this vehicle in Excellent condition","4



Health Score",https://droom.in/product/maruti-suzuki-celerio-zxi-amt-o-2016-6139c355c9d65812068b45e4
MH 14,"₹11,09,679 - ₹11,78,319
 Price range for this vehicle in Fair condition","₹11,38,133 - ₹12,08,533
 Price range for this vehicle in Good condition","₹11,66,586 - ₹12,38,746
 Price range for this vehicle in Very Good condition","₹11,95,039 - ₹12,68,959
 Price range for this vehicle in Excellent condition","3.6



Health Score",https://droom.in/product/toyota-innova-crysta-28-gx-at-7-str-2016-6040b26724865df30896e38d
MH 02,"4.4



Health Score",https://droom.in/product/volkswagen-polo-12-mpi-anniversary-edition-2017-61422ba950c807de108b4590511
MH 12,"₹3,71,677 - ₹3,94,667
 Price range for this vehicle in Fair condition","₹3,81,207 - ₹4,04,787
 Price range for this vehicle in Good condition","₹3,90,737 - ₹4,14,906
 Price range for this vehicle in Very Good condition","₹4,00,267 - ₹4,25,026
 Price range for this vehicle in Excellent condition","4



Health Score",https://droom.in/product/hyundai-grand-i10-asta-12-kappa-vtvt-2015-6139bdbcc3c5e6be268b45f2
MH 12,"₹4,27,050 - ₹4,53,466
 Price range for this vehicle in Fair condition","₹4,38,001 - ₹4,65,094
 Price range for this vehicle in Good condition","₹4,48,951 - ₹4,76,721
 Price range for this vehicle in Very Good condition","₹4,59,900 - ₹4,88,348
 Price range for this vehicle in Excellent condition","5.6



Health Score",https://droom.in/product/renault-duster-85-ps-rxl-2014-612cc33a359e4381178b47cd268
MH 12,"₹8,19,141 - ₹8,69,809
 Price range for this vehicle in Fair condition","₹8,40,145 - ₹8,92,113
 Price range for this vehicle in Good condition","₹8,61,148 - ₹9,14,415
 Price range for this vehicle in Very Good condition","₹8,82,152 - ₹9,36,717
 Price range for this vehicle in Excellent condition","3.6



Health Score",https://droom.in/product/toyota-fortuner-30-4x2-mt-2010-617fb44d96b2f305068b458f
MH 12,"₹2,67,760 - ₹2,84,322
 Price range for this vehicle in Fair condition","₹2,74,625 - ₹2,91,613
 Price range for this vehicle in Good condition","₹2,81,491 - ₹2,98,903
 Price range for this vehicle in Very Good condition","₹2,88,356 - ₹3,06,193
 Price range for this vehicle in Excellent condition","4



Health Score",https://droom.in/product/hyundai-i10-sportz-12-kappa2-2012-612880913d93341b068b4587
MH 04,"₹5,18,911 - ₹5,51,008
 Price range for this vehicle in Fair condition","₹5,32,216 - ₹5,65,137
 Price range for this vehicle in Good condition","₹5,45,521 - ₹5,79,265
 Price range for this vehicle in Very Good condition","₹5,58,827 - ₹5,93,393
 Price range for this vehicle in Excellent condition","4



Health Score",https://droom.in/product/ford-ecosport-titanium-15l-tdci-2015-61850d297b9cf7d3088b45d3
MH 11,"₹1,52,182 - ₹1,61,594
 Price range for this vehicle in Fair condition","₹1,56,083 - ₹1,65,738
 Price range for this vehicle in Good condition","₹1,59,985 - ₹1,69,881
 Price range for this vehicle in Very Good condition","₹1,63,888 - ₹1,74,025
 Price range for this vehicle in Excellent condition","4



Health Score",https://droom.in/product/hyundai-santro-xing-gl-plus-2011-61850a987b9cf7ab068b45b5
MH 12,"₹1,82,187 - ₹1,93,456
 Price range for this vehicle in Fair condition","₹1,86,859 - ₹1,98,417
 Price range for this vehicle in Good condition","₹1,91,530 - ₹2,03,378
 Price range for this vehicle in Very Good condition","₹1,96,202 - ₹2,08,338
 Price range for this vehicle in Excellent condition","4



Health Score",https://droom.in/product/maruti-suzuki-omni-8-seater-bs-iv-2016-61850a8e7b9cf7ef048b45c9
MH 14,"₹4,92,712 - ₹5,23,189
 Price range for this vehicle in Fair condition","₹5,05,346 - ₹5,36,605
 Price range for this vehicle in Good condition","₹5,17,980 - ₹5,50,020
 Price range for this vehicle in Very Good condition","₹5,30,613 - ₹5,63,435
 Price range for this vehicle in Excellent condition","4



Health Score",https://droom.in/product/hyundai-santro-sportz-amt-2019-61850a74e9ba0b14068b470e
MH 05,"₹4,29,737 - ₹4,56,318
 Price range for this vehicle in Fair condition","₹4,40,756 - ₹4,68,019
 Price range for this vehicle in Good condition","₹4,51,774 - ₹4,79,720
 Price range for this vehicle in Very Good condition","₹4,62,793 - ₹4,91,420
 Price range for this vehicle in Excellent condition","3.8



Health Score",https://droom.in/product/maruti-suzuki-ertiga-vdi-2013-61850a42e9ba0b981e8b458a
MH 12,"₹2,57,360 - ₹2,73,279
 Price range for this vehicle in Fair condition","₹2,63,959 - ₹2,80,286
 Price range for this vehicle in Good condition","₹2,70,557 - ₹2,87,293
 Price range for this vehicle in Very Good condition","₹2,77,156 - ₹2,94,300
 Price range for this vehicle in Excellent condition","3.8



Health Score",https://droom.in/product/maruti-suzuki-alto-800-lxi-cng-2017-618506d07b9cf75d0b8b4597
MH 12,"₹4,09,347 - ₹4,34,668
 Price range for this vehicle in Fair condition","₹4,19,843 - ₹4,45,813
 Price range for this vehicle in Good condition","₹4,30,340 - ₹4,56,958
 Price range for this vehicle in Very Good condition","₹4,40,836 - ₹4,68,104
 Price range for this vehicle in Excellent condition","3.8



Health Score",https://droom.in/product/hyundai-verna-16-crdi-ex-2013-618506b7d6969cde218b467c
MH 07,"₹8,92,233 - ₹9,47,423
 Price range for this vehicle in Fair condition","₹9,15,111 - ₹9,71,716
 Price range for this vehicle in Good condition","₹9,37,989 - ₹9,96,008
 Price range for this vehicle in Very Good condition","₹9,60,866 - ₹10,20,301
 Price range for this vehicle in Excellent condition","3.2



Health Score",https://droom.in/product/toyota-innova-crysta-24-g-7-str-2018-61850675d6969cec228b4662
MH 12,"₹14,37,644 - ₹15,26,571
 Price range for this vehicle in Fair condition","₹14,74,508 - ₹15,65,715
 Price range for this vehicle in Good condition","₹15,11,370 - ₹16,04,857
 Price range for this vehicle in Very Good condition","₹15,48,233 - ₹16,44,000
 Price range for this vehicle in Excellent condition","4



Health Score",https://droom.in/product/toyota-innova-crysta-24-vx-7-str-2017-618504f07e862ff9058b46a9
MH 12,"₹3,95,311 - ₹4,19,763
 Price range for this vehicle in Fair condition","₹4,05,447 - ₹4,30,526
 Price range for this vehicle in Good condition","₹4,15,583 - ₹4,41,290
 Price range for this vehicle in Very Good condition","₹4,25,720 - ₹4,52,053
 Price range for this vehicle in Excellent condition","3.8



Health Score",https://droom.in/product/hyundai-i20-sportz-12-2015-618503c5c9d658f9048b46db
MH 12,"₹12,01,283 - ₹12,75,589
 Price range for this vehicle in Fair condition","₹12,32,085 - ₹13,08,296
 Price range for this vehicle in Good condition","₹12,62,887 - ₹13,41,004
 Price range for this vehicle in Very Good condition","₹12,93,689 - ₹13,73,711
 Price range for this vehicle in Excellent condition","3.2



Health Score",https://droom.in/product/kia-seltos-htx-cvt-15-petrol-2019-618501d77e862ffe058b46be
MH 43,"₹4,42,708 - ₹4,70,092
 Price range for this vehicle in Fair condition","₹4,54,060 - ₹4,82,146
 Price range for this vehicle in Good condition","₹4,65,411 - ₹4,94,200
 Price range for this vehicle in Very Good condition","₹4,76,763 - ₹5,06,253
 Price range for this vehicle in Excellent condition","3.6



Health Score",https://droom.in/product/skoda-rapid-15-tdi-cr-elegance-plus-2015-6184fff77b9cf75c0b8b458e
MH 12,"₹5,91,126 - ₹6,27,690
 Price range for this vehicle in Fair condition","₹6,06,282 - ₹6,43,784
 Price range for this vehicle in Good condition","₹6,21,440 - ₹6,59,879
 Price range for this vehicle in Very Good condition","₹6,36,596 - ₹6,75,974
 Price range for this vehicle in Excellent condition","4



Health Score",https://droom.in/product/honda-wr-v-vx-petrol-2017-6184fed87b9cf7790b8b459b
MH 14,"₹6,64,445 - ₹7,05,545
 Price range for this vehicle in Fair condition","₹6,81,482 - ₹7,23,636
 Price range for this vehicle in Good condition","₹6,98,519 - ₹7,41,726
 Price range for this vehicle in Very Good condition","₹7,15,556 - ₹7,59,817
 Price range for this vehicle in Excellent condition","5.2



Health Score",https://droom.in/product/mahindra-scorpio-s4-plus-2016-61874e47bdba1837098b48dd224
MH 12,"₹8,72,356 - ₹9,26,317
 Price range for this vehicle in Fair condition","₹8,94,725 - ₹9,50,069
 Price range for this vehicle in Good condition","₹9,17,093 - ₹9,73,820
 Price range for this vehicle in Very Good condition","₹9,39,461 - ₹9,97,572
 Price range for this vehicle in Excellent condition","6.9



Health Score",https://droom.in/product/honda-city-zx-cvt-i-vtec-2017-5efc5d83b380ad07078b456a
MH 14,"₹1,45,401 - ₹1,54,395
 Price range for this vehicle in Fair condition","₹1,49,130 - ₹1,58,355
 Price range for this vehicle in Good condition","₹1,52,858 - ₹1,62,314
 Price range for this vehicle in Very Good condition","₹1,56,586 - ₹1,66,272
 Price range for this vehicle in Excellent condition","3.8



Health Score",https://droom.in/product/mahindra-renault-logan-dls-15-dci-2008-60e8377e2ad3e21b068b46f8
MH 12,"₹2,77,057 - ₹2,94,196
 Price range for this vehicle in Fair condition","₹2,84,162 - ₹3,01,739
 Price range for this vehicle in Good condition","₹2,91,266 - ₹3,09,283
 Price range for this vehicle in Very Good condition","₹2,98,370 - ₹3,16,826
 Price range for this vehicle in Excellent condition","4



Health Score",https://droom.in/product/hyundai-i20-sportz-12-2011-61276d520dd9f8f2048b45c7
MH 14,"₹7,80,293 - ₹8,28,558
 Price range for this vehicle in Fair condition","₹8,00,300 - ₹8,49,803
 Price range for this vehicle in Good condition","₹8,20,308 - ₹8,71,048
 Price range for this vehicle in Very Good condition","₹8,40,315 - ₹8,92,293
 Price range for this vehicle in Excellent condition","3.4



Health Score",https://droom.in/product/hyundai-creta-14-s-diesel-2016-6139c982f8dd5123228b45dd
MH 12,"₹7,01,707 - ₹7,45,111
 Price range for this vehicle in Fair condition","₹7,19,699 - ₹7,64,216
 Price range for this vehicle in Good condition","₹7,37,692 - ₹7,83,322
 Price range for this vehicle in Very Good condition","₹7,55,684 - ₹8,02,427
 Price range for this vehicle in Excellent condition","8.2



Health Score",https://droom.in/product/maruti-suzuki-ciaz-alpha-14-at-2017-5ba5db5389865d870d009ff5
MH 04,"₹2,99,241 - ₹3,17,750
 Price range for this vehicle in Fair condition","₹3,06,914 - ₹3,25,898
 Price range for this vehicle in Good condition","₹3,14,586 - ₹3,34,045
 Price range for this vehicle in Very Good condition","₹3,22,259 - ₹3,42,193
 Price range for this vehicle in Excellent condition","8.5



Health Score",https://droom.in/product/hyundai-sonata-embera-24-mt-2007-5b99420613f4acb30bf43aed
MH 01,"₹3,97,416 - ₹4,21,998
 Price range for this vehicle in Fair condition","₹4,07,606 - ₹4,32,818
 Price range for this vehicle in Good condition","₹4,17,796 - ₹4,43,639
 Price range for this vehicle in Very Good condition","₹4,27,986 - ₹4,54,460
 Price range for this vehicle in Excellent condition","8.5



Health Score",https://droom.in/product/chevrolet-cruze-20-ltz-mt-2011-5b6f1324a7865dac2ac0ed2f
